seed,generator,n_generated,quality,utility,indistinguishability,similarity,baseline_accuracy,generated_only_accuracy,real_augmented_accuracy,generated_augmented_accuracy,real_augmentation_gain,generated_augmentation_gain,fid_to_oracle,precision,recall,distinguishability_accuracy
7,SMOTE interpolation,1600,0.9934469200524246,0.02040816326530568,0.0,0.0,0.95375,0.9475,0.984375,0.954375,0.030625000000000013,0.0006249999999999867,26.361181552879614,0.981875,0.0,1.0
7,Transferred local differences,1600,0.9921363040629096,0.14285714285714338,0.0,0.005839213853568201,0.95375,0.94625,0.984375,0.958125,0.030625000000000013,0.004375000000000018,28.420932526924872,0.779375,0.0,1.0
