seed,generator,n_generated,quality,utility,indistinguishability,similarity,baseline_accuracy,generated_only_accuracy,real_augmented_accuracy,generated_augmented_accuracy,real_augmentation_gain,generated_augmentation_gain,fid_to_oracle,precision,recall,distinguishability_accuracy
3,SMOTE interpolation,1600,0.9715796430931922,0.0,0.0,0.0008132871565132044,0.945625,0.91875,0.98125,0.94375,0.03562499999999991,-0.001875000000000071,27.077143434079286,0.97,0.0,1.0
3,Transferred local differences,1600,0.9795109054857898,0.03508771929824496,0.0,0.004212639540541792,0.945625,0.92625,0.98125,0.946875,0.03562499999999991,0.0012499999999999734,28.36815715797481,0.766875,0.0,1.0
7,SMOTE interpolation,1600,0.9934469200524246,0.02040816326530568,0.0,0.0,0.95375,0.9475,0.984375,0.954375,0.030625000000000013,0.0006249999999999867,26.361181552879614,0.981875,0.0,1.0
7,Transferred local differences,1600,0.9921363040629096,0.14285714285714338,0.0,0.005839213853568201,0.95375,0.94625,0.984375,0.958125,0.030625000000000013,0.004375000000000018,28.420932526924872,0.779375,0.0,1.0
8,SMOTE interpolation,1600,0.9842105263157895,0.060000000000002274,0.0,0.0013554785941886738,0.95,0.935,0.98125,0.951875,0.03125,0.001875000000000071,25.956166826397748,0.97375,0.0,1.0
8,Transferred local differences,1600,0.9947368421052631,0.10000000000000142,0.0,0.004608627220241491,0.95,0.945,0.98125,0.953125,0.03125,0.0031250000000000444,27.865909509678467,0.765,0.0,1.0
