,quality,quality,utility,utility,generated_augmentation_gain,generated_augmentation_gain,indistinguishability,indistinguishability,similarity,similarity
,mean,std,mean,std,mean,std,mean,std,mean,std
generator,,,,,,,,,,
Transferred local differences,0.9887946838846542,0.00814445243996476,0.09264828738512991,0.054259542223769795,0.0029166666666666785,0.001572882174014765,0.0,0.0,0.004886826871450495,0.0008482230151315996
SMOTE interpolation,0.9830790298204688,0.010977461621073294,0.026802721088435982,0.030506848039662932,0.0002083333333333289,0.0019094065395650016,0.0,0.0,0.0007229219169006261,0.0006822425977785358
