,quality,quality,utility,utility,indistinguishability,indistinguishability,similarity,similarity
,mean,std,mean,std,mean,std,mean,std
generator,,,,,,,,
Transferred local differences,1.0,0.0,0.7284580393063038,0.09918872881278337,0.5471250000000001,0.023605701994786513,0.24438049075158086,0.01434952488101595
SMOTE interpolation,1.0,0.0,0.408847158571984,0.14979475222528207,0.22712499999999997,0.012133802646601263,0.18026865884985183,0.010568847565040564
