seed,generator,n_generated,quality,utility,indistinguishability,similarity,baseline_accuracy,generated_only_accuracy,real_augmented_accuracy,generated_augmented_accuracy,real_augmentation_gain,generated_augmentation_gain,fid_to_oracle,precision,recall,distinguishability_accuracy
1,SMOTE interpolation,2000,1.0,0.3953488372093023,0.23049999999999993,0.18280591937983562,0.9225,0.94025,0.9655,0.9395,0.04300000000000004,0.017000000000000015,0.0007168985669182406,0.9915,0.21183333333333335,0.88475
1,Transferred local differences,2000,1.0,0.6296296296296291,0.5185,0.24288611349966843,0.9225,0.9475,0.963,0.948,0.04049999999999998,0.025499999999999967,0.000622161787028877,0.982,0.8078333333333333,0.74075
2,SMOTE interpolation,2000,1.0,0.375000000000002,0.2104999999999999,0.16666665506748446,0.93375,0.9435,0.96175,0.94425,0.028000000000000025,0.010500000000000065,0.002495848782503707,0.9855,0.20966666666666667,0.89475
2,Transferred local differences,2000,1.0,0.7523809523809543,0.5625,0.24512449483099819,0.93375,0.95,0.96,0.9535,0.026249999999999996,0.019750000000000045,0.0004916350729090597,0.982,0.7985,0.71875
3,SMOTE interpolation,2000,1.0,0.612612612612612,0.22799999999999998,0.19222112187126758,0.9335,0.953,0.96125,0.9505,0.027750000000000052,0.017000000000000015,0.001209969333897946,0.9935,0.20383333333333334,0.886
3,Transferred local differences,2000,1.0,0.6754385964912284,0.5700000000000001,0.22722487077420356,0.9335,0.9515,0.962,0.95275,0.02849999999999997,0.01924999999999999,0.0011420950341930686,0.98,0.7976666666666666,0.715
4,SMOTE interpolation,2000,1.0,0.2524271844660197,0.23950000000000005,0.17938093908081967,0.9075,0.91975,0.959,0.9205,0.05149999999999999,0.013000000000000012,0.00020546464384834016,0.9935,0.20766666666666667,0.88025
4,Transferred local differences,2000,1.0,0.8563829787234036,0.5375000000000001,0.26228648390145326,0.9075,0.946,0.9545,0.94775,0.04700000000000004,0.04025000000000001,0.000791195029504104,0.973,0.805,0.73125
