seed,generator,n_generated,quality,utility,indistinguishability,similarity,baseline_accuracy,generated_only_accuracy,real_augmented_accuracy,generated_augmented_accuracy,real_augmentation_gain,generated_augmentation_gain,fid_to_oracle,precision,recall,distinguishability_accuracy
7,SMOTE interpolation,1000,1.0,0.9910714285714296,0.3526666666666667,0.4979215409136602,0.8795,0.903,0.9075,0.90725,0.028000000000000025,0.027750000000000052,0.00021474934749293932,0.991,0.5975,0.8236666666666667
7,Transferred local differences,1000,1.0,0.4695652173913058,0.5093333333333334,0.5278291295352405,0.8795,0.88075,0.90825,0.893,0.028750000000000053,0.013500000000000068,0.00016692403437893808,0.985,0.843,0.7453333333333333
